Method,Task,Evaluations,Final mean,Final std,Notes,,,,
Grid search,EPO (3-D),2744,0.771889,0.0 (deterministic),Coarse grid cannot resolve narrow optimum,,,,
Grid search,BO (100-D),1.268e+30 required,N/A,N/A,Infeasible -- exceeds budget,,,,
Random search,BO (100-D),3000,0.238982,0.000708,5 seeds,,,,
Bowerbird Optimizer (proposed),BO (100-D),3000,0.232691,0.000405,5 seeds,,,,
Random search,EPO (3-D),3000,1.32E-02,1.61E-02,5 seeds,,,,
Adaptive EPO (proposed),EPO (3-D),3000,1.02E-05,1.99E-05,5 seeds,,,,
,,,,,,,,,
,,,,,,,,,
,,,,,,,,, 
